Workbook

Sheet Übersicht
A1: Einnahmen aus selbstständiger Tätigkeit – Terminvermittlung (Cold Calls)
A2: Zeitraum: August 2025 bis September 2026. Alle Werte werden automatisch aus dem Blatt „Termine“ berechnet (Brutto-Provisionen, ohne Abzüge).
A4: Monat | B4: Termine gesamt | C4: Davon stattgefunden (Show) | D4: Einnahmen (€) | E4: Kumuliert (€)
A5: 45870 | B5: =COUNTIFS(Termine!$E$5:$E$304,A5) | C5: =COUNTIFS(Termine!$E$5:$E$304,A5,Termine!$D$5:$D$304,"Ja") | D5: =SUMIFS(Termine!$H$5:$H$304,Termine!$E$5:$E$304,A5) | E5: =SUM($D$5:D5)
A6: 45901 | B6: =COUNTIFS(Termine!$E$5:$E$304,A6) | C6: =COUNTIFS(Termine!$E$5:$E$304,A6,Termine!$D$5:$D$304,"Ja") | D6: =SUMIFS(Termine!$H$5:$H$304,Termine!$E$5:$E$304,A6) | E6: =SUM($D$5:D6)
A7: 45931 | B7: =COUNTIFS(Termine!$E$5:$E$304,A7) | C7: =COUNTIFS(Termine!$E$5:$E$304,A7,Termine!$D$5:$D$304,"Ja") | D7: =SUMIFS(Termine!$H$5:$H$304,Termine!$E$5:$E$304,A7) | E7: =SUM($D$5:D7)
A8: 45962 | B8: =COUNTIFS(Termine!$E$5:$E$304,A8) | C8: =COUNTIFS(Termine!$E$5:$E$304,A8,Termine!$D$5:$D$304,"Ja") | D8: =SUMIFS(Termine!$H$5:$H$304,Termine!$E$5:$E$304,A8) | E8: =SUM($D$5:D8)
A9: 45992 | B9: =COUNTIFS(Termine!$E$5:$E$304,A9) | C9: =COUNTIFS(Termine!$E$5:$E$304,A9,Termine!$D$5:$D$304,"Ja") | D9: =SUMIFS(Termine!$H$5:$H$304,Termine!$E$5:$E$304,A9) | E9: =SUM($D$5:D9)
A10: 46023 | B10: =COUNTIFS(Termine!$E$5:$E$304,A10) | C10: =COUNTIFS(Termine!$E$5:$E$304,A10,Termine!$D$5:$D$304,"Ja") | D10: =SUMIFS(Termine!$H$5:$H$304,Termine!$E$5:$E$304,A10) | E10: =SUM($D$5:D10)
A11: 46054 | B11: =COUNTIFS(Termine!$E$5:$E$304,A11) | C11: =COUNTIFS(Termine!$E$5:$E$304,A11,Termine!$D$5:$D$304,"Ja") | D11: =SUMIFS(Termine!$H$5:$H$304,Termine!$E$5:$E$304,A11) | E11: =SUM($D$5:D11)
A12: 46082 | B12: =COUNTIFS(Termine!$E$5:$E$304,A12) | C12: =COUNTIFS(Termine!$E$5:$E$304,A12,Termine!$D$5:$D$304,"Ja") | D12: =SUMIFS(Termine!$H$5:$H$304,Termine!$E$5:$E$304,A12) | E12: =SUM($D$5:D12)
A13: 46113 | B13: =COUNTIFS(Termine!$E$5:$E$304,A13) | C13: =COUNTIFS(Termine!$E$5:$E$304,A13,Termine!$D$5:$D$304,"Ja") | D13: =SUMIFS(Termine!$H$5:$H$304,Termine!$E$5:$E$304,A13) | E13: =SUM($D$5:D13)
A14: 46143 | B14: =COUNTIFS(Termine!$E$5:$E$304,A14) | C14: =COUNTIFS(Termine!$E$5:$E$304,A14,Termine!$D$5:$D$304,"Ja") | D14: =SUMIFS(Termine!$H$5:$H$304,Termine!$E$5:$E$304,A14) | E14: =SUM($D$5:D14)
A15: 46174 | B15: =COUNTIFS(Termine!$E$5:$E$304,A15) | C15: =COUNTIFS(Termine!$E$5:$E$304,A15,Termine!$D$5:$D$304,"Ja") | D15: =SUMIFS(Termine!$H$5:$H$304,Termine!$E$5:$E$304,A15) | E15: =SUM($D$5:D15)
A16: 46204 | B16: =COUNTIFS(Termine!$E$5:$E$304,A16) | C16: =COUNTIFS(Termine!$E$5:$E$304,A16,Termine!$D$5:$D$304,"Ja") | D16: =SUMIFS(Termine!$H$5:$H$304,Termine!$E$5:$E$304,A16) | E16: =SUM($D$5:D16)
... A18: 46266 | B18: =COUNTIFS(Termine!$E$5:$E$304,A18) | C18: =COUNTIFS(Termine!$E$5:$E$304,A18,Termine!$D$5:$D$304,"Ja") | D18: =SUMIFS(Termine!$H$5:$H$304,Termine!$E$5:$E$304,A18) | E18: =SUM($D$5:D18)
A19: Gesamt | B19: =SUM(B5:B18) | C19: =SUM(C5:C18) | D19: =SUM(D5:D18)
A21: Hinweis: Termine mit einem Datum außerhalb August 2025 – September 2026 erscheinen nicht in der Monatsliste.
A22: Kontrolle Summe Termine-Blatt (€): | D22: =SUM(Termine!H5:H304)

Sheet Termine
A1: Termine (eine Zeile pro Termin)
A2: Bitte nur die blauen Spalten A–D ausfüllen. „Show“ = Ja, wenn der Termin tatsächlich stattgefunden hat. Zeile 5 ist ein Beispiel – bitte überschreiben.
A4: Datum | B4: Kunde (Agentur / Unternehmen B) | C4: Termin mit (Unternehmen C) | D4: Show? (Ja/Nein) | E4: Monat | F4: Show-Nr. beim Kunden | G4: Satz (€) | H4: Provision (€)
A5: 45881 | B5: Beispiel Kunde GmbH | C5: Beispiel Firma AG | D5: Ja | E5: =IF(A5="","",DATE(YEAR(A5),MONTH(A5),1)) | F5: =IF(AND(D5="Ja",B5<>""),COUNTIFS($B$5:B5,B5,$D$5:D5,"Ja"),"") | G5: =IF(F5="","",IF(F5<=Einstellungen!$B$5,Einstellungen!$B$3,Einstellungen!$B$4)) | H5: =IF(G5="",0,G5)
E6: =IF(A6="","",DATE(YEAR(A6),MONTH(A6),1)) | F6: =IF(AND(D6="Ja",B6<>""),COUNTIFS($B$5:B6,B6,$D$5:D6,"Ja"),"") | G6: =IF(F6="","",IF(F6<=Einstellungen!$B$5,Einstellungen!$B$3,Einstellungen!$B$4)) | H6: =IF(G6="",0,G6)
E7: =IF(A7="","",DATE(YEAR(A7),MONTH(A7),1)) | F7: =IF(AND(D7="Ja",B7<>""),COUNTIFS($B$5:B7,B7,$D$5:D7,"Ja"),"") | G7: =IF(F7="","",IF(F7<=Einstellungen!$B$5,Einstellungen!$B$3,Einstellungen!$B$4)) | H7: =IF(G7="",0,G7)
E8: =IF(A8="","",DATE(YEAR(A8),MONTH(A8),1)) | F8: =IF(AND(D8="Ja",B8<>""),COUNTIFS($B$5:B8,B8,$D$5:D8,"Ja"),"") | G8: =IF(F8="","",IF(F8<=Einstellungen!$B$5,Einstellungen!$B$3,Einstellungen!$B$4)) | H8: =IF(G8="",0,G8)
E9: =IF(A9="","",DATE(YEAR(A9),MONTH(A9),1)) | F9: =IF(AND(D9="Ja",B9<>""),COUNTIFS($B$5:B9,B9,$D$5:D9,"Ja"),"") | G9: =IF(F9="","",IF(F9<=Einstellungen!$B$5,Einstellungen!$B$3,Einstellungen!$B$4)) | H9: =IF(G9="",0,G9)
E10: =IF(A10="","",DATE(YEAR(A10),MONTH(A10),1)) | F10: =IF(AND(D10="Ja",B10<>""),COUNTIFS($B$5:B10,B10,$D$5:D10,"Ja"),"") | G10: =IF(F10="","",IF(F10<=Einstellungen!$B$5,Einstellungen!$B$3,Einstellungen!$B$4)) | H10: =IF(G10="",0,G10)
E11: =IF(A11="","",DATE(YEAR(A11),MONTH(A11),1)) | F11: =IF(AND(D11="Ja",B11<>""),COUNTIFS($B$5:B11,B11,$D$5:D11,"Ja"),"") | G11: =IF(F11="","",IF(F11<=Einstellungen!$B$5,Einstellungen!$B$3,Einstellungen!$B$4)) | H11: =IF(G11="",0,G11)
E12: =IF(A12="","",DATE(YEAR(A12),MONTH(A12),1)) | F12: =IF(AND(D12="Ja",B12<>""),COUNTIFS($B$5:B12,B12,$D$5:D12,"Ja"),"") | G12: =IF(F12="","",IF(F12<=Einstellungen!$B$5,Einstellungen!$B$3,Einstellungen!$B$4)) | H12: =IF(G12="",0,G12)
E13: =IF(A13="","",DATE(YEAR(A13),MONTH(A13),1)) | F13: =IF(AND(D13="Ja",B13<>""),COUNTIFS($B$5:B13,B13,$D$5:D13,"Ja"),"") | G13: =IF(F13="","",IF(F13<=Einstellungen!$B$5,Einstellungen!$B$3,Einstellungen!$B$4)) | H13: =IF(G13="",0,G13)
E14: =IF(A14="","",DATE(YEAR(A14),MONTH(A14),1)) | F14: =IF(AND(D14="Ja",B14<>""),COUNTIFS($B$5:B14,B14,$D$5:D14,"Ja"),"") | G14: =IF(F14="","",IF(F14<=Einstellungen!$B$5,Einstellungen!$B$3,Einstellungen!$B$4)) | H14: =IF(G14="",0,G14)
E15: =IF(A15="","",DATE(YEAR(A15),MONTH(A15),1)) | F15: =IF(AND(D15="Ja",B15<>""),COUNTIFS($B$5:B15,B15,$D$5:D15,"Ja"),"") | G15: =IF(F15="","",IF(F15<=Einstellungen!$B$5,Einstellungen!$B$3,Einstellungen!$B$4)) | H15: =IF(G15="",0,G15)
E16: =IF(A16="","",DATE(YEAR(A16),MONTH(A16),1)) | F16: =IF(AND(D16="Ja",B16<>""),COUNTIFS($B$5:B16,B16,$D$5:D16,"Ja"),"") | G16: =IF(F16="","",IF(F16<=Einstellungen!$B$5,Einstellungen!$B$3,Einstellungen!$B$4)) | H16: =IF(G16="",0,G16)
E17: =IF(A17="","",DATE(YEAR(A17),MONTH(A17),1)) | F17: =IF(AND(D17="Ja",B17<>""),COUNTIFS($B$5:B17,B17,$D$5:D17,"Ja"),"") | G17: =IF(F17="","",IF(F17<=Einstellungen!$B$5,Einstellungen!$B$3,Einstellungen!$B$4)) | H17: =IF(G17="",0,G17)
... E304: =IF(A304="","",DATE(YEAR(A304),MONTH(A304),1)) | F304: =IF(AND(D304="Ja",B304<>""),COUNTIFS($B$5:B304,B304,$D$5:D304,"Ja"),"") | G304: =IF(F304="","",IF(F304<=Einstellungen!$B$5,Einstellungen!$B$3,Einstellungen!$B$4)) | H304: =IF(G304="",0,G304)

Sheet Einstellungen
A1: Einstellungen
A3: Provision Testphase (€ pro Termin) | B3: 250
A4: Provision nach Testphase (€ pro Termin) | B4: 350
A5: Termine in der Testphase (pro Kunde) | B5: 5
A7: Quelle: Angaben des Nutzers (250 € in Testphase mit 5 Terminen, danach 350 € pro stattgefundenem Termin). Blaue Zellen mit gelbem Hintergrund = eigene Eingaben.
